fecha,rol,perfil_alumno,problema,intento,respuesta
2026-02-22 17:34:25.200287,Alumno,Medio,Un coche parte con velocidad inicial de 5 m/s y acelera a 2 m/s² durante 3 segundos. ¿Qué velocidad final alcanza?,,"Bueno, estoy intentando resolver el problema del coche que parte con una velocidad inicial de 5 m/s y acelera a 2 m/s² durante 3 segundos. 

Primero, creo que tengo que usar alguna fórmula de movimiento. Recuerdo que en MRUA (que es el movimiento rectilíneo uniformemente acelerado), la velocidad final se puede calcular con esta fórmula: \( v_f = v_i + a \cdot t \). 

Aquí, la velocidad final (v_f) es lo que quiero encontrar, \( v_i \) sería la velocidad inicial que es 5 m/s, la aceleración (a) es 2 m/s² y el tiempo (t) son 3 segundos.

Así que, sustituyendo en la fórmula:

\( v_f = 5 m/s + 2 m/s² \cdot 3 s \)

Ahora, eso es lo que no estoy muy seguro de cómo multiplicar bien. Pero parece que se suma de forma sencilla. Entonces, primero calculo \( 2 m/s² \cdot 3 s \):

Eso sería 6. Creo que eso da 6, pero no estoy seguro si tengo que poner las unidades. O sea, debería ser 6 m/s o algo así.

Entonces, ahora sumo: 

\( v_f = 5 m/s + 6 m/s \)

Eso da \( 11 m/s \). 

Creo que la velocidad final que alcanza el coche es 11 m/s. No sé si he hecho algún error, pero eso es lo que pienso."
2026-02-22 17:35:09.775386,Profesor,,Un coche parte con velocidad inicial de 5 m/s y acelera a 2 m/s² durante 3 segundos. ¿Qué velocidad final alcanza?,"Bueno, estoy intentando resolver el problema del coche que parte con una velocidad inicial de 5 m/s y acelera a 2 m/s² durante 3 segundos.

Primero, creo que tengo que usar alguna fórmula de movimiento. Recuerdo que en MRUA (que es el movimiento rectilíneo uniformemente acelerado), la velocidad final se puede calcular con esta fórmula: ( v_f = v_i + a \cdot t ).

Aquí, la velocidad final (v_f) es lo que quiero encontrar, ( v_i ) sería la velocidad inicial que es 5 m/s, la aceleración (a) es 2 m/s² y el tiempo (t) son 3 segundos.

Así que, sustituyendo en la fórmula:

( v_f = 5 m/s + 2 m/s² \cdot 3 s )

Ahora, eso es lo que no estoy muy seguro de cómo multiplicar bien. Pero parece que se suma de forma sencilla. Entonces, primero calculo ( 2 m/s² \cdot 3 s ):

Eso sería 6. Creo que eso da 6, pero no estoy seguro si tengo que poner las unidades. O sea, debería ser 6 m/s o algo así.

Entonces, ahora sumo:

( v_f = 5 m/s + 6 m/s )

Eso da ( 11 m/s ).

Creo que la velocidad final que alcanza el coche es 11 m/s. No sé si he hecho algún error, pero eso es lo que pienso.","FASE 0 – Diagnóstico
- Lo que se pide es conocer la velocidad final del coche después de acelerar durante 3 segundos.
- El tipo de movimiento es un movimiento rectilíneo uniformemente acelerado (MRUA) ya que hay una velocidad inicial, una aceleración constante y un tiempo de duración.
- En tu intento previo, has hecho un buen uso de la fórmula, pero veamos si podemos pulir un aspecto relacionado con las unidades en el cálculo y la lógica.

FASE 1 – Datos
- ¿Podrías identificar todos los datos que tenemos en la situación con sus respectivas unidades? 

FASE 2 – Modelo físico
- Ya sabemos que el movimiento es MRUA. ¿Podrías explicar brevemente qué significa esto en relación a la aceleración y la velocidad? ¿Qué características tiene este tipo de movimiento?

FASE 3 – Ecuación
- Como mencionaste, la ecuación que podemos usar es \(v_f = v_i + a \cdot t\). 
- ¿Por qué eliges esta ecuación para resolver el problema? ¿Hay alguna otra fórmula que también podrías considerar?

Una vez que tengamos claros estos puntos, podemos pasar a hacer la sustitución."
2026-02-22 17:36:29.089153,Profesor,,Un coche parte con velocidad inicial de 5 m/s y acelera a 2 m/s² durante 3 segundos. ¿Qué velocidad final alcanza?,"Bueno, estoy intentando resolver el problema del coche que parte con una velocidad inicial de 5 m/s y acelera a 2 m/s² durante 3 segundos.

Primero, creo que tengo que usar alguna fórmula de movimiento. Recuerdo que en MRUA (que es el movimiento rectilíneo uniformemente acelerado), la velocidad final se puede calcular con esta fórmula: ( v_f = v_i + a \cdot t ).

Aquí, la velocidad final (v_f) es lo que quiero encontrar, ( v_i ) sería la velocidad inicial que es 5 m/s, la aceleración (a) es 2 m/s² y el tiempo (t) son 3 segundos.

Así que, sustituyendo en la fórmula:

( v_f = 5 m/s + 2 m/s² \cdot 3 s )

Ahora, eso es lo que no estoy muy seguro de cómo multiplicar bien. Pero parece que se suma de forma sencilla. Entonces, primero calculo ( 2 m/s² \cdot 3 s ):

Eso sería 6. Creo que eso da 6, pero no estoy seguro si tengo que poner las unidades. O sea, debería ser 6 m/s o algo así.

Entonces, ahora sumo:

( v_f = 5 m/s + 6 m/s )

Eso da ( 11 m/s ).

Creo que la velocidad final que alcanza el coche es 11 m/s. No sé si he hecho algún error, pero eso es lo que pienso.","FASE 0 – Diagnóstico

- Identificando qué se pide, efectivamente quieres encontrar la velocidad final del coche, lo cual está claro.
- El tipo de movimiento es un movimiento rectilíneo uniformemente acelerado (MRUA), dado que hay una aceleración constante.
- Veo que has hecho un buen trabajo explicando tu razonamiento y la fórmula que elegiste. ¡Bien hecho! Pero vamos a refinar un poco tu comprensión.

FASE 1 – Datos

- ¿Podrías identificar y anotar todos los datos que tienes en el problema con sus unidades? ¿Cuánta información tienes en total?"
2026-02-22 17:37:08.974519,Alumno,Medio,Un coche parte con velocidad inicial de 5 m/s y acelera a 2 m/s² durante 3 segundos. ¿Qué velocidad final alcanza?,"Bueno, estoy intentando resolver el problema del coche que parte con una velocidad inicial de 5 m/s y acelera a 2 m/s² durante 3 segundos.

Primero, creo que tengo que usar alguna fórmula de movimiento. Recuerdo que en MRUA (que es el movimiento rectilíneo uniformemente acelerado), la velocidad final se puede calcular con esta fórmula: ( v_f = v_i + a \cdot t ).

FASE 0 – Diagnóstico

    Identificando qué se pide, efectivamente quieres encontrar la velocidad final del coche, lo cual está claro.
    El tipo de movimiento es un movimiento rectilíneo uniformemente acelerado (MRUA), dado que hay una aceleración constante.
    Veo que has hecho un buen trabajo explicando tu razonamiento y la fórmula que elegiste. ¡Bien hecho! Pero vamos a refinar un poco tu comprensión.

FASE 1 – Datos

    ¿Podrías identificar y anotar todos los datos que tienes en el problema con sus unidades? ¿Cuánta información tienes en total?
","Vale, entonces el problema me dice que el coche parte con una velocidad inicial de 5 m/s y que la aceleración es de 2 m/s² durante 3 segundos. Así que los datos que tengo son:

- **Velocidad inicial (v_i)**: 5 m/s
- **Aceleración (a)**: 2 m/s²
- **Tiempo (t)**: 3 s

Entonces, tengo tres datos y parece que son suficientes para usar la fórmula que mencioné antes. 

Ahora, con esta información, puedo intentar encontrar la velocidad final usando la fórmula \( v_f = v_i + a \cdot t \).

Sustituyendo los valores en la fórmula: 

- v_f = 5 m/s + (2 m/s² * 3 s)

Primero, calculo \( 2 m/s² \cdot 3 s \) que es \( 6 m/s \). Entonces, sumo:

- v_f = 5 m/s + 6 m/s, que me da v_f = 11 m/s.

Creo que eso está bien, he logrado calcular la velocidad final del coche como 11 m/s."
2026-02-22 17:39:18.907239,Alumno,Con dificultades,Un coche tiene una aceleración de 3 m/s². ¿Cuál es su velocidad?,,"Bueno, eh... vamos a ver. El coche tiene una aceleración de 3 m/s², pero no sé si me dicen cuánto tiempo ha pasado. O quizás debería usar alguna fórmula, pero no estoy seguro de cuál.

La aceleración es como... eh... ¿la velocidad que va ganando el coche, no? Entonces, tengo que ver cuánto tiempo ha estado acelerando. No sé si hay una fórmula que diga eso. Pero puedo intentar… creo que podría usar algo como \( v = a \cdot t \), aunque no tengo el tiempo.

Así que, quizás si supiera cuánto tiempo, podría multiplicar 3 m/s² por ese tiempo. Espero que no me falten datos. Pero, si no sé el tiempo, no puedo calcular la velocidad, ¿verdad?

En fin, creo que la velocidad puede ser 3 m/s o algo así, pero no estoy seguro... ¿Me ayudarías a entenderlo mejor?"
2026-02-22 17:39:52.524643,Profesor,,Un coche tiene una aceleración de 3 m/s². ¿Cuál es su velocidad?,"Bueno, eh... vamos a ver. El coche tiene una aceleración de 3 m/s², pero no sé si me dicen cuánto tiempo ha pasado. O quizás debería usar alguna fórmula, pero no estoy seguro de cuál.

La aceleración es como... eh... ¿la velocidad que va ganando el coche, no? Entonces, tengo que ver cuánto tiempo ha estado acelerando. No sé si hay una fórmula que diga eso. Pero puedo intentar… creo que podría usar algo como ( v = a \cdot t ), aunque no tengo el tiempo.

Así que, quizás si supiera cuánto tiempo, podría multiplicar 3 m/s² por ese tiempo. Espero que no me falten datos. Pero, si no sé el tiempo, no puedo calcular la velocidad, ¿verdad?

En fin, creo que la velocidad puede ser 3 m/s o algo así, pero no estoy seguro... ¿Me ayudarías a entenderlo mejor?","FASE 0 – Diagnóstico  
¡Buen intento! Has identificado que el coche tiene una aceleración, y que realmente te falta un dato crucial: el tiempo que ha estado acelerando. Sin este dato, no puedes calcular la velocidad final directamente. Lo que mencionas sobre la aceleración es correcto; es la velocidad que va ganando el coche cada segundo.

FASE 1 – Datos  
Ahora, vamos a listar los datos que tenemos. ¿Qué datos tienes y cuáles son sus unidades? ¿Puedes identificar la aceleración y si hay algún otro dato que te parezca relevante? 

FASE 2 – Modelo físico  
Bien, centrémonos en el tipo de movimiento. ¿Qué tipo de movimiento crees que está teniendo el coche, considerando la aceleración que mencionaste? ¿Es uniforme, acelerado, o decelerado? ¿Y qué significa eso en términos de las características del movimiento? 

FASE 3 – Ecuación  
Dices que conoces una ecuación de movimiento: \(v = a \cdot t\). Pero recuerda que necesitas tiempo, y también hay otra ecuación que podrías considerar. Una opción común en cinemática es la ecuación que relaciona la velocidad inicial, la aceleración y el tiempo. ¿Puedes pensar en alguna? Escribe dos ecuaciones que puedas usar relacionadas con la aceleración. Luego, elige una y justifica por qué crees que esa es la más adecuada para este problema. 

FASE 4 – Sustitución  
Una vez que elijas la ecuación, ¿cuáles son los próximos pasos? Recuerda que todavía no vamos a sustituir valores. Solo vamos a enfocarnos en lo que tendrías que hacer para calcular la velocidad si tuvieras el tiempo.

FASE 5 – Verificación  
Finalmente, una vez realices los cálculos, recuerda verificar que las unidades sean correctas. Si obtienes una cantidad, pregúntate: ¿tiene sentido el resultado? Por ejemplo, si obtienes una velocidad baja o muy alta, ¿es razonable considerando la situación del coche? 

Vamos paso a paso. ¿Puedes empezarnos a listar tus datos y responder a las primeras preguntas que te he planteado?"
2026-02-22 17:41:19.635001,Alumno,Con dificultades,Un objeto cae durante 2 segundos. ¿Qué velocidad alcanza?,,"Vale, vamos a intentar resolver este problema de la caída. Primero, creo que el objeto está cayendo, lo que significa que tiene que haber una aceleración, ¿no? Creo que es la gravedad, que se suele tomar como 9.8 metros por segundo al cuadrado, o algo así. 

Entonces, para encontrar la velocidad que alcanza, tal vez pueda usar una fórmula. Pero no estoy seguro si debo usar velocidad igual a aceleración por tiempo. O quizás esa es otra cosa y se usa para otra cosa, no lo sé. 

Entonces, si multiplicamos 9.8 m/s² por 2 segundos, creo que eso debería darme la velocidad final o algo así, ¿verdad? 

9.8 m/s² * 2 s = 19.6 m/s. 

¿Es eso correcto? Espero que sí, porque no estoy seguro de si estoy haciendo todo bien. Pero creo que es la velocidad final después de 2 segundos de caer. Aunque no estoy muy seguro... ¿qué piensas? "
2026-02-22 17:41:41.883498,Profesor,,Un objeto cae durante 2 segundos. ¿Qué velocidad alcanza?,"Vale, vamos a intentar resolver este problema de la caída. Primero, creo que el objeto está cayendo, lo que significa que tiene que haber una aceleración, ¿no? Creo que es la gravedad, que se suele tomar como 9.8 metros por segundo al cuadrado, o algo así.

Entonces, para encontrar la velocidad que alcanza, tal vez pueda usar una fórmula. Pero no estoy seguro si debo usar velocidad igual a aceleración por tiempo. O quizás esa es otra cosa y se usa para otra cosa, no lo sé.

Entonces, si multiplicamos 9.8 m/s² por 2 segundos, creo que eso debería darme la velocidad final o algo así, ¿verdad?

9.8 m/s² * 2 s = 19.6 m/s.

¿Es eso correcto? Espero que sí, porque no estoy seguro de si estoy haciendo todo bien. Pero creo que es la velocidad final después de 2 segundos de caer. Aunque no estoy muy seguro... ¿qué piensas?","FASE 0 – Diagnóstico
¡Perfecto! Has identificado correctamente que el objeto está cayendo y que hay una aceleración, que es la gravedad. Efectivamente, eso es correcto. También mencionaste el tiempo, que es de 2 segundos.

Sin embargo, antes de continuar, quiero asegurarme de que entendemos bien qué se está pidiendo. ¿Cuál es exactamente lo que necesitas calcular? ¿Es la velocidad final del objeto después de 2 segundos?

FASE 1 – Datos
Muy bien, aclaro que necesitas identificar los datos que tienes. ¿Cuáles son los datos claves en este problema con sus unidades? Escríbelos por favor.

FASE 2 – Modelo físico
Ahora que tenemos los datos, hablemos del modelo físico. ¿Qué tipo de movimiento está realizando el objeto? ¿Es uniforme, uniformemente acelerado? ¿Qué características tiene este movimiento de caída libre?

**Nota:** En este caso, ¿sabías que la aceleración es la de la gravedad? ¿Cómo la podrías relacionar con el movimiento del objeto?"
